{"cameraMode":{"drawMode":0,"name":"Shaded","section":"Shading Mode"},"sceneLighting":true,"audioPlay":false,"sceneViewState":{"showFog":true,"showMaterialUpdate":false,"showSkybox":true,"showFlares":true,"showImageEffects":true,"showParticleSystems":true},"in2DMode":false,"pivot":{"x":4.007792949676514,"y":10.973823547363282,"z":34.12415313720703},"rotation":{"x":0.009632248431444168,"y":0.9867187738418579,"z":-0.06373121589422226,"w":0.14912740886211396},"size":34.59883499145508,"orthographic":false}