{"cameraMode":{"drawMode":0,"name":"Shaded","section":"Shading Mode"},"sceneLighting":false,"audioPlay":false,"sceneViewState":{"showFog":true,"showMaterialUpdate":false,"showSkybox":false,"showFlares":true,"showImageEffects":true,"showParticleSystems":true},"in2DMode":false,"pivot":{"x":-3.975249767303467,"y":1.777221918106079,"z":-0.11351783573627472},"rotation":{"x":0.0020229388028383257,"y":-0.9875426888465881,"z":0.15683698654174806,"w":0.012737675569951535},"size":4.6493239402771,"orthographic":false}