{"cameraMode":{"drawMode":0,"name":"Shaded","section":"Shading Mode"},"sceneLighting":false,"audioPlay":false,"sceneViewState":{"showFog":true,"showMaterialUpdate":false,"showSkybox":false,"showFlares":true,"showImageEffects":true,"showParticleSystems":true},"in2DMode":false,"pivot":{"x":-27.683738708496095,"y":6.436317443847656,"z":31.642410278320314},"rotation":{"x":-0.2469971925020218,"y":0.35179403424263,"z":-0.09679386764764786,"w":-0.8977007269859314},"size":0.9974599480628967,"orthographic":false}