{"cameraMode":{"drawMode":0,"name":"Shaded","section":"Shading Mode"},"sceneLighting":false,"audioPlay":false,"sceneViewState":{"showFog":true,"showMaterialUpdate":false,"showSkybox":false,"showFlares":true,"showImageEffects":true,"showParticleSystems":true},"in2DMode":false,"pivot":{"x":10.89509105682373,"y":1.8168888092041016,"z":-11.80137825012207},"rotation":{"x":0.04159872606396675,"y":-0.7491309642791748,"z":0.047257788479328158,"w":0.659423291683197},"size":7.471988201141357,"orthographic":false}